번호,내용,태그
1," 한국관광공사 추천 6월 걷기여행길, 싱그러운 초여름 날씨와 어울리는 길 ",#한국관광7선#여름방학가볼만한곳#싱그러운초여름#풀내음#산책#산책코스#산책로#소이산생태숲녹색길#소이산#철원가볼만한곳#트레킹#트레킹코스#울산가볼만한곳#강동사랑길#걷기여행#걷기여행길#충주가볼만한곳#생태탐방길#부산가볼만한곳#갈맷길#창원가볼만한곳#저도비치로드#저도#대전가볼만한곳#금강로하스해피로드#금강로하스#해남가볼만한곳#달마고도#힐링여행#휴양여행#걷기여행길#6월가볼만한곳#싱그러운_여름을_부탁해 
2," 한적한 여름휴가지로 추천!시원한 강원도 여행지, 고성으로 떠나요~고성 가볼 만한 곳 ",#강원가볼만한곳#고성가볼만한곳#고성여행#화암사#​바우지움조각미술관#​테일커피#​가진해변#여름나들이 
3, [안동 가볼만한 곳] 한적한 여름여행지 안동 1박2일 ,#안동가볼만한곳#안동여행#안동여행코스#안동1박2일코스#안동1박2일여행코스#여름휴가지추천#국내여행#안동여행지#안동여행코스추천#안동여행지 
4," 산골 역과 무쇠다리 마을 여름 여행, 소백산역과 무쇠달마을 ",#영주가볼만한곳#여름여행#소백산역#무쇠달마을#박물관#공공누리#다자구할머니#가마솥물물교환#기찻길#계곡#죽령옛길#인삼박물관 
5, [국내여행 버킷리스트 3탄] 올 여름엔 제주도 자전거 여행이다! ,#제주도가볼만한곳#풍경여행#친구와함께#섬여행#나홀로여행#자연#바다여행#여름휴가#공공누리#레포츠여행 
6," 한국관광공사 추천 7월 걷기여행길, 아름다운 여름의 정취를 물씬 느낄 수 있는 길 ",#한국관광6선#걷기여행길#걷기여행#여름방학가볼만한곳#여름#휴가#풀향기#바다내음#힐링#휴양여행#힐링여행#포천가볼만한곳#주상절리길#한탄강#비둘기낭폭포#한탄강하늘다리#비둘기낭순환코스#곡성가볼만한곳#섬진강둘레길#마천목장군길#트레킹코스#금산가볼만한곳#솔바람길#진천가볼만한곳#진천초롱길#진천농다리#창원가볼만한곳#봉암수원지둘레길#동해가볼만한곳#논골담길#전망대#산책코스#산책로 
7," 한 여름에도 시원한 얼음골, 밀양 여행 ",#가지산도립공원#밍양얼음골#표충사#밀양평리산대추마을#조깅#등산로#여름여행#여름휴가#가족여행#힐링#연중무휴#경상권#당일코스#1박2일#2박3일#추천코스 
8, [서울] 여름에 더 돋보이는 서울 여행자의 방 ,#한국관광품질인증#여행기사#여행자의방#추천숙박#혜화1938#어반플레이스강남#게스트하우스서울삼촌#서울#가족#인증숙소#서울숙소#우수숙소#여름휴가_미리보기#8월가볼만한곳 
9," 가족여행에 최적화된 여름 휴가지, 고창 동호해수욕장 ",#고창가볼만한곳#동호해수욕장#피서여행#물놀이#캠핑장#여름휴가#갯벌체험#백사장#고인돌#세계유산#고창고인돌박물관 
10, [여행 카드] 탐나는 여름 맛 빙수 ,#서울가볼만한곳#빙수#서울맛집#여름제철음식#이색카페#카페이미#반전형제#부빙#티라벤토#북촌빙수#망고빙수#실타래빙수#옥수수빙수#수박빙수#오렌지빙수#아이와함께#친구와함께#연인과함께#가족여행#먹방여행#미식여행#빙수맛집#맛집여행#여행카드#구석구석미식회#여름휴가_미리보기#6월가볼만한곳 
